epoch,train_loss,train_acc,val_loss,val_acc,sav_version
0,1.8411246172691647,0.5290033555249161,1.7019755305267694,0.5304977282905146,1
1,1.602312907576561,0.5480654975623815,1.5682461374387966,0.5497577935549344,2
2,1.4491538508419406,0.5799046614955182,1.39525242513559,0.5919256671314138,3
3,1.3384565639652704,0.6058903734403326,1.3320785943917401,0.6069615115208709,4
4,1.2850095335328788,0.6201993110307107,1.299880797703435,0.6133398745405217,5
5,1.2487204406606525,0.6302221268258207,1.268660854401551,0.6264607111049424,6
6,1.2237634962588027,0.6360388047093406,1.2450404587223773,0.6319439234726542,7
7,1.199095223347346,0.6430936704176052,1.220141330572564,0.637409642475537,8
8,1.180788394390491,0.6482818939653222,1.2157661236646606,0.639199720723086,9
9,1.1647094813355228,0.6528729102398017,1.2057806570229568,0.6435500125179234,10
10,1.1494793307101518,0.6570284598008461,1.1871877695162465,0.6496215058776068,11
11,1.1356425269392498,0.6626199404652526,1.1707580734894971,0.6567427764806905,12
12,1.117125268803354,0.6694216774306221,1.167985057502281,0.6600217854557544,13
13,1.1037853626828444,0.6741123895522596,1.1485383813306103,0.6654320320155696,14
14,1.090629636927655,0.6789206873022345,1.1437625826343776,0.6683846544522883,15
15,1.0741598821784322,0.6848380340242856,1.132204602083822,0.6734074507643952,16
16,1.0619290344547807,0.6892645744982977,1.1272353091108518,0.6760047031640628,17
17,1.0467136067518017,0.6950338547290055,1.1139551016289417,0.6831612459258433,18
18,1.032909309040559,0.7005928195360394,1.1128532938131197,0.683016739169958,19
19,1.0210582357880316,0.7045410050952751,1.0920522760922515,0.6919243038160632,20
20,1.007019570718209,0.709378388977511,1.0847751599127853,0.6961554026321015,21
21,0.9930887414175168,0.7145216208879519,1.069780532651999,0.6993658441248024,22
22,0.983214856017577,0.7182843838626921,1.0743320650003088,0.6960423069082949,22
23,0.969121228498325,0.7216935206437847,1.0588351100917877,0.7045800809263104,23
24,0.9562860884164509,0.7260989119759341,1.0458351743268215,0.7095260066347062,24
25,0.944417896709944,0.7301244980241715,1.0358676301447425,0.7130612730156453,25
26,0.9313125432714036,0.7340377632445866,1.0294426613905299,0.7155997975580671,26
27,0.9201077564243685,0.7375427559799427,1.0199578296481155,0.7173488021477429,27
28,0.9085014601417801,0.7413611346742596,1.0196827018824148,0.7195709004304297,28
29,0.8974417997295396,0.7446824315687387,1.012893668544574,0.7208533457483207,29
30,0.8888588412158321,0.7462313676389157,1.0150078496360404,0.7216641556495315,29
31,0.8814070746433317,0.7485202217194499,1.0089489667434393,0.7242643375445021,30
32,0.8721374694454043,0.7509238895502246,0.9942549187836685,0.7282754187107533,31
33,0.8615032729611062,0.7536731857777345,0.9942717935860627,0.7282115301363538,31
34,0.8545236326100534,0.7554058009889179,0.9935160603110246,0.7285600670580243,32
35,0.8460590777428527,0.7579019987371636,0.9928372772190515,0.7316625096654797,33
36,0.8365688532590866,0.7596284399827463,0.9947499175240674,0.7291909484129302,33
37,0.8293480755597876,0.7613094307020707,0.9868306348642965,0.7317629446817882,34
38,0.8215507852795877,0.763875450726095,0.9874948347647359,0.7335988615184167,34
39,0.811934751442127,0.7656539957347217,1.0064927175289065,0.7257966266742586,34
40,0.8064288055426196,0.7665548487857956,0.9938091201575723,0.7304053401279369,34
41,0.7972590545028971,0.7693701300064083,0.9957939367594681,0.7327488296565818,34
42,0.7896971363378199,0.7703300239044347,0.9937468199279365,0.7322724080653961,34
43,0.7814219393358942,0.7725640921705067,0.995495404432139,0.7338590430689053,34
44,0.7733575982613522,0.7743740558409784,0.9830640635387166,0.73551872638789,35
45,0.7645722084662371,0.7769215752099264,0.9934456333166032,0.7342472714430487,35
46,0.7576134082256702,0.7779766985974645,0.9904828618361255,0.7351884796729634,35
47,0.7500016751127285,0.7792958329132121,1.0005564257854551,0.7329109643370865,35
48,0.7424866278312708,0.7812978436330718,0.9999851468275851,0.7321523105684871,35
49,0.7368937237482321,0.7820993114078705,0.9998760311387656,0.7340145315139852,35
50,0.7244949294286862,0.7850779242690297,1.0092725467494155,0.732600582965732,35
51,0.716467881215769,0.7871870611324022,1.0183131016614868,0.7299919158304831,35
52,0.7085818204832705,0.789406807762956,1.0169486868099904,0.7314103225444333,35
53,0.7022822357060616,0.7905151164900677,1.0194622225414112,0.7314493478491907,35
54,0.6935692167465102,0.791796836118825,1.0223572854920635,0.7312937161481137,35
55,0.6879922287113834,0.7932224556785338,1.024951197500304,0.7284781507257911,35
56,0.6776003363297174,0.7957567329822316,1.0378061681985855,0.7304067000772643,35
57,0.6697577643159188,0.7978132277488175,1.038673439129131,0.7282299550717014,35
58,0.6619551015789049,0.7992119349331418,1.0457280851959243,0.725261146877779,35
59,0.6557428630297644,0.8008497834810647,1.0483361612858735,0.7249487303636671,35
60,0.6473181306008707,0.803471310823243,1.0461470008365752,0.7294598821378225,35
61,0.6379346654407287,0.8051621068094484,1.06776998761132,0.7264384749713821,35
62,0.6304215019601479,0.8073744519699377,1.0735413075432063,0.7231838154003019,35
63,0.6222327890756884,0.8085818138971254,1.0750890513808709,0.7271191987708052,35
64,0.613658678819213,0.8113350339274958,1.076803340451924,0.7231656184556655,35
65,0.6057566597927035,0.8131733439921289,1.0899775509289868,0.7247959074236964,35
66,0.5988671447362817,0.8147899541333777,1.0949288557364245,0.7196215663828528,35
67,0.5925046486485945,0.8165723931722023,1.0903242486199056,0.725612684019281,35
68,0.5821188330715685,0.8187719887092565,1.1153577929875982,0.7217196692668957,35
69,0.5785250073592914,0.8194945290144213,1.1260081697402038,0.7187775341053038,35
70,0.56966996645849,0.8216421914926416,1.1293527708044202,0.7209836906173445,35
71,0.5605749259000284,0.8246588476546999,1.1346702153288473,0.7182392851350613,35
72,0.5574218935937735,0.825476497544949,1.1440806588319343,0.717231500093141,35
73,0.5480200895680147,0.8272245184820649,1.1527318935694657,0.7177615606376744,35
74,0.5400825215797675,0.8293205583683526,1.1509272757712312,0.7177341867894325,35
75,0.534685438087112,0.8305900872388431,1.1657736822376101,0.7188287455140011,35
76,0.5293556125997975,0.8326596395855138,1.1680765641251887,0.7157570383959241,35
77,0.5212814128581892,0.8341460245459168,1.172161940749236,0.7157832393149715,35
78,0.5129582511228428,0.8365665067376472,1.2063273989309475,0.7043570525346842,35
79,0.5069466614409497,0.8383790845474434,1.1898947207946478,0.7131610323528157,35
80,0.5007871454418228,0.8395113386377464,1.1986439560107358,0.7154294383335942,35
81,0.4929030711909658,0.8418791699997197,1.2255364429997646,0.7078687738563242,35
82,0.48962513195971646,0.842666889116808,1.222833657358575,0.7101127703710115,35
83,0.48193333569195185,0.8449095348214424,1.222336008792787,0.7104959763896844,35
84,0.47679704027087016,0.8464615685930689,1.2375538973357734,0.70736163414592,35
85,0.4700281551401866,0.8481733978527252,1.2337576941711696,0.7090883532069491,35
86,0.464230429204671,0.8502366422544891,1.23810315660135,0.7108818023428505,35
87,0.456747502879354,0.8520000965476934,1.2715485715490626,0.7039661880407039,35
88,0.4512977552453154,0.853356050225961,1.244055513439216,0.7083082635165682,35
89,0.44628377901226807,0.8550199629650989,1.2493819049962862,0.7112218108733162,35
90,0.44157664891528453,0.8560674891405228,1.2671272505925397,0.7071357463968179,35
91,0.43516515974412884,0.8584556849665383,1.2952679085919236,0.7034099383163136,35
92,0.4290760735343946,0.8601970578300558,1.3045953599017437,0.7029922615607187,35
93,0.4246674771044861,0.8612639878388351,1.3123032309877591,0.7024754099368576,35
94,0.4184394448734166,0.8633078063840925,1.31271714464886,0.7050994354680867,35
95,0.4129129337963828,0.8640183705790142,1.3166589068146202,0.7010368972184975,35
96,0.4068868577807096,0.8658488412082782,1.3258274631706748,0.7020857724406661,35
97,0.40547685646697096,0.8667692770040825,1.325025826457917,0.7046395019321883,35
98,0.39850383982585186,0.8686222632696886,1.3531518264079656,0.6965377133960541,35
99,0.39280653337114735,0.870339433404673,1.3279595525245966,0.7041230428296981,35
